unity,pi_min,pi_max,a,b,c,e,f
1,0,680,0.00028,8.1,550,300,0.035
2,0,360,0.00056,8.1,309,200,0.042
3,0,360,0.00056,8.1,307,150,0.042
4,60,180,0.00324,7.74,240,150,0.063
5,60,180,0.00324,7.74,240,150,0.063
6,60,180,0.00324,7.74,240,150,0.063
7,60,180,0.00324,7.74,240,150,0.063
8,60,180,0.00324,7.74,240,150,0.063
9,60,180,0.00324,7.74,240,150,0.063
10,40,120,0.00284,8.6,126,100,0.084
11,40,120,0.00284,8.6,126,100,0.084
12,55,120,0.00284,8.6,126,100,0.084
13,55,120,0.00284,8.6,126,100,0.084